Hour,Minute,Correct answer,Stimuli time from start (s)
5,7,Yes,4.869723
2,57,No,9.362678
11,54,Yes,13.99878
1,27,Yes,18.545451
7,56,Yes,23.138229
5,33,No,27.594296
7,8,No,31.728236
4,33,No,36.241304
3,41,No,40.777181
4,28,Yes,45.286437
1,26,Yes,49.865076
9,21,No,54.467711
7,55,Yes,59.202881
5,19,Yes,63.610788
9,4,No,67.921682
3,40,No,72.104815
10,44,Yes,76.606596
2,32,No,81.064932
8,12,No,85.19217
9,49,Yes,89.768853
