Hour,Minute,Correct answer,Stimuli time from start (s)
5,7,Yes,4.791135
2,57,No,9.287115
11,54,Yes,13.926641
1,27,Yes,18.465992
7,56,Yes,23.064503
5,33,No,27.52014
7,8,No,31.652759
4,33,No,36.165145
3,41,No,40.714203
4,28,Yes,45.214399
1,26,Yes,49.811941
9,21,No,54.39173
7,55,Yes,59.13023
5,19,Yes,63.535429
9,4,No,67.850623
3,40,No,72.017763
10,44,Yes,76.517766
2,32,No,80.972195
8,12,No,85.093161
9,49,Yes,89.688729
